{
    "dataset": {
        "id": 1,
        "name": "Number of something",
        "description": "",
        "column_names": [
            "Date",
            "Something"
        ],
        "data": [
            [
                "2014-12-12",
                1.0
            ],
            [
                "2014-09-29",
                6969.0
            ],
            [
                "2014-08-04",
                255.0
            ],
            [
                "2014-05-26",
                30.0
            ],
            [
                "2014-05-08",
                900.0
            ],
            [
                "2014-04-28",
                12.0
            ],
            [
                "2014-04-17",
                99.0
            ],
            [
                "2014-01-01",
                5480.0
            ]
        ]
    }
}